tickers,volatility,drawdown,beta,market_cap,pe_ratio,dividend_yield,profit_margin,return_on_equity,debt_to_equity
MMM,0.013813496690033737,0.10582235464501295,1.079,80054296576,20.904034,1.94,0.16011,0.9476,316.755
AOS,0.017628016474411347,0.16302024486733394,1.203,10654621696,20.942738,1.91,0.13741,0.27969998,15.945
ABT,0.01956971370933986,0.12332750531065663,0.732,217949749248,15.717691,1.88,0.32426998,0.3116597039292111,27.087
ABBV,0.013888816037805129,0.06507697499812155,0.481,337444241408,81.63889,3.44,0.073130004,0.884,4789.603
ACN,0.01915129986839088,0.13517321512273042,1.293,175339356160,22.413216,2.07,0.11607,0.26928,25.881
ADBE,0.01779475425538124,0.12548347655477135,1.509,157959356416,23.85458,2.294692874692875,0.30392,0.52254003,57.486
AMD,0.02853958358187234,0.28512524010594475,2.045,263469400064,119.48161,2.294692874692875,0.080249995,0.03904,8.174
AES,0.0453803277930878,0.271879488948221,0.941,9731987456,7.4293475,5.05,0.10669,0.05583,361.561
AFL,0.010386479733777137,0.0487804508627462,0.798,55586414592,15.989892,2.25,0.21274,0.14408,42.513
A,0.01959739788819645,0.09768863197464119,1.232,34232672256,29.682266,0.83,0.17592,0.18882999,60.039
APD,0.010682490786966129,0.09843574510877331,0.866,65857445888,42.64121,2.4,0.12755,0.095790006,98.527
ABNB,0.01395803678737632,0.08198231384817478,1.135,87181336576,35.850254,2.294692874692875,0.22596,0.3206,28.726
AKAM,0.012416047307573251,0.04809119036615893,0.775,11482956800,27.07215,2.294692874692875,0.11262,0.09821,100.746
ALB,0.0394110738620874,0.3196445643861177,1.63,9798807552,42.355587151991614,2.06,-0.22391,-0.09992,35.757
ARE,0.01685726345721746,0.160781344171599,1.266,14072530944,42.355587151991614,6.37,-0.00331,0.00784,62.825
ALGN,0.020343051661674202,0.1433880706086151,1.635,14539725824,36.537342,2.294692874692875,0.10288,0.108430006,3.124
ALLE,0.017270860014028187,0.1644537196845455,1.025,13933962240,22.742977,1.32,0.16279,0.42051998,133.636
LNT,0.010081924180539869,0.08716154135128489,0.56,16720058368,22.444826,3.13,0.18269,0.10712,149.852
ALL,0.014570872390554714,0.051512568888533145,0.325,51795750912,13.359972,2.02,0.061929997,0.19723,36.672
GOOGL,0.014418491294834588,0.14391585461354167,1.005,2348556484608,20.570938,0.44,0.30857,0.34789002,8.254
GOOG,0.013818828503520232,0.1445976244953407,1.005,2346204790784,20.6887,0.44,0.30857,0.34789002,8.254
MO,0.010587265831119482,0.04529676975430109,0.624,100556611584,10.016274,6.83,0.5044,0.3116597039292111,145.8182209821429
AMZN,0.012414531503349036,0.1013255922593821,1.337,2462368661504,37.77526,2.294692874692875,0.1014,0.2524,51.641
AMCR,0.01319023158135704,0.0874872495780258,0.727,22317422592,17.392677,5.2,0.059949998,0.20796,241.41
AEE,0.008554017580283232,0.06480381524164361,0.495,27160000512,22.21286,2.84,0.15929,0.10159001,158.916
AEP,0.008741013737223101,0.08133629644158291,0.404,58563850240,21.164112,3.42,0.13712,0.10421,171.503
AXP,0.015834807236448867,0.12514783070645127,1.258,215765172224,21.789179,1.06,0.15994,0.32808,187.933
AIG,0.011819738357090591,0.08163505196242113,0.648,45449383936,19.234146,2.26,-0.07156,0.057439998,21.112
AMT,0.0108021613608456,0.08463062041899773,0.828,107243397120,37.12885,2.95,0.17944999,0.28421,446.681
AWK,0.010509147967628902,0.04823687334563078,0.682,27482066944,25.669401,2.33,0.22243,0.10428,137.735
AMP,0.014394462143534374,0.07872554600714847,1.221,49220141056,17.563541,1.19,0.16558,0.58108,74.235
AME,0.009220170580418659,0.04690808010818588,1.097,41583620096,29.477905,0.68,0.20426,0.14964,21.761
AMGN,0.0184559046795866,0.11894443643393386,0.48,165800296448,28.082651,3.08,0.17386,1.0567299,924.456
APH,0.011224810372438504,0.10976213076315942,1.139,124588802048,41.03586,0.65,0.15574999,0.27526,69.096
ADI,0.014154119663587341,0.08405240358231263,1.018,111705423872,61.33515,1.74,0.18652001,0.05213,20.62
AON,0.009706770440168802,0.031052406334944386,0.839,77100302336,30.832903,0.83,0.15577,0.72012,254.468
APA,0.029272253399508365,0.15278438786090595,1.25,6960663552,6.913943,5.21,0.10041001,0.26176,84.961
APO,0.01968575713685881,0.1534123804756733,1.572,87215702016,26.68007,1.34,0.14729,0.18686001,90.49
AAPL,0.009687829232952003,0.08749997686983868,1.199,3200144375808,33.37383,0.49,0.24301,1.38015,146.994
AMAT,0.017524576736817506,0.14968130652419107,1.688,151270866944,22.90401,0.98,0.24059,0.36372003,35.177
APTV,0.019023260073513747,0.08337921204418151,1.462,15306419200,11.486929,2.294692874692875,0.07934,0.15237,91.193
ACGL,0.014451099462909437,0.04743771555466717,0.491,32978440192,9.025641,2.294692874692875,0.20724002,0.18415001,12.662
ADM,0.01746000036112101,0.13429389697304933,0.673,26924417024,19.732395,3.63,0.01629,0.05888,55.504
ANET,0.027716450973139337,0.2412245852963906,1.404,142760427520,47.96203,2.294692874692875,0.4072,0.33681,145.8182209821429
AJG,0.010892732114222963,0.05497273705069589,0.713,79460925440,47.743076,0.84,0.13863,0.092980005,60.048
AIZ,0.012255421262404888,0.07334632554296641,0.585,9398178816,14.469945,1.71,0.05554,0.13204001,39.809
T,0.010548033451397048,0.059806949256948745,0.609,200364769280,15.988571,4.05,0.096429996,0.10885,119.246
ATO,0.008808860398883586,0.04578665026044114,0.692,25131984896,22.098465,2.22,0.25346002,0.09186,64.747
ADSK,0.020013669659281388,0.1145392174389463,1.444,64200609792,64.25696,2.294692874692875,0.15945,0.42361,97.211
ADP,0.011487940184266634,0.042453440847200916,0.77,124212436992,31.320368,2.02,0.19791001,0.76289004,74.577
AZO,0.015090648674095156,0.0944468396425597,0.389,64463876096,26.134216,2.294692874692875,0.13563,0.3116597039292111,145.8182209821429
AVB,0.00867636154902465,0.03652354853796584,0.856,28828807168,25.21731,3.44,0.38314998,0.096920006,71.138
AVY,0.013247654925951953,0.05795380991200597,0.999854430379747,13847244800,19.879911,2.09,0.08137,0.3168,161.255
AXON,0.025096741514392028,0.1537068016889681,1.288,54548496384,168.4327,2.294692874692875,0.14897999,0.15166001,80.08
BKR,0.025837954976630745,0.1685840443200298,0.894,44522000384,14.771242,2.3,0.10511,0.18035999,35.011
BALL,0.012088543075733626,0.08927976152327696,1.085,16403725312,33.596592,1.34,0.04177,0.08219,126.809
BAC,0.011533517182595217,0.09900891150986157,1.31,363913969664,14.35044,2.16,0.28514,0.0946,145.8182209821429
BAX,0.018267808198877925,0.12834391172790421,0.609,14730688512,42.355587151991614,2.38,-0.05199,-0.03506,146.144
BDX,0.012374071842565313,0.08522080489594046,0.277,52767215616,35.611217,2.28,0.07179,0.058870003,76.344
BRK-B,0.007860392751883626,0.047317025175640876,0.818,1045362900992,12.927199,2.294692874692875,0.21788,0.13187,19.175
BBY,0.02159100407108208,0.10214322645971675,1.261,14303965184,16.507317,5.55,0.021300001,0.30214,146.906
TECH,0.025604049189488852,0.14963345347793147,1.384,9088567296,69.849396,0.58,0.10893,0.0653,20.986
BIIB,0.019747080296513925,0.09347521875948178,0.141,19223009280,12.963439,2.294692874692875,0.1507,0.09191,38.997
BLK,0.016303208349634557,0.1375714397752945,1.424,173961150464,27.183842,1.86,0.29685,0.14134,28.41
BX,0.02082365386489585,0.2468361474065395,1.64,218575519744,54.59394,2.36,0.20561,0.26345,73.101
XYZ,0.027509603750223433,0.22747801690873004,2.742,48989339648,19.333738,2.294692874692875,0.10925,0.12793,28.201
BK,0.010844171458926716,0.1219899389678702,1.066,71165878272,15.429665,2.13,0.25842,0.116809994,145.8182209821429
BA,0.01868024894409744,0.1559333037017694,1.404,176587833344,42.355587151991614,2.294692874692875,-0.16576,0.3116597039292111,145.8182209821429
BKNG,0.012648899789403272,0.09107074433020088,1.406,185561055232,35.50305,0.67,0.22582,0.3116597039292111,145.8182209821429
BSX,0.013309009961280581,0.08537494798864285,0.681,156740321280,63.0625,2.294692874692875,0.11581001,0.09498999,52.163
BMY,0.015847972064081905,0.08680210639515892,0.371,99413655552,18.227612,5.06,0.11376,0.31986,293.85
AVGO,0.01809859932643265,0.14200150909944753,1.138,1360149479424,105.156364,0.83,0.22643,0.18977,166.032
BR,0.010807598029001119,0.0540841518971772,0.955,29026869248,37.160152,1.45,0.1165,0.33918,152.819
BRO,0.01079861663573548,0.07625055716242352,0.82,33974448128,28.693594,0.58,0.21214001,0.16519,59.026
BF-B,0.023213936788237112,0.17057396115336712,0.55,14630029312,16.807064,2.93,0.21862,0.23142,71.049
BLDR,0.03187731725476338,0.20922141551698747,1.695,14620028928,16.960255,2.294692874692875,0.05662,0.19621,116.805
BG,0.02269549124549102,0.1539174660081642,0.653,15489315840,9.94095,3.58,0.02131,0.09861,66.083
BXP,0.015535365523879291,0.09308666706763927,1.174,12594707456,42.355587151991614,5.48,-0.00131,0.008,209.428
CHRW,0.013598664222675222,0.08819765141708931,0.897,12061881344,24.245823,2.47,0.02927,0.3211,99.658
CDNS,0.014352243914321359,0.10174107355463814,0.988,89176883200,82.684814,2.294692874692875,0.22185,0.25921,51.864
CZR,0.028065859491020077,0.18882896603363797,2.298,6054988288,42.355587151991614,2.294692874692875,-0.0208,-0.03767,606.801
CPT,0.008795693437200967,0.045826665799288804,0.78,12255386624,105.238525,3.65,0.075679995,0.025999999,79.752
CPB,0.017071946590174268,0.0910912679166795,0.08,9856178176,22.04,4.68,0.0444,0.1166,187.629
COF,0.013184868585505403,0.1271105942038015,1.149,138234331136,617.60004,1.1,0.17218,0.08028,145.8182209821429
CAH,0.012846146287757263,0.08689972509967413,0.689,37778223104,24.770235,1.29,0.0069999998,0.3116597039292111,145.8182209821429
KMX,0.02429532891849684,0.1519491413493251,1.379,9108620288,16.766575,2.294692874692875,0.01948,0.08969,309.961
CCL,0.016610428155095495,0.0,2.609,40784867328,15.748692,2.294692874692875,0.09722,0.30021998,286.33
CARR,0.012390127888399698,0.12889559288092595,1.312,68132466688,53.24667,1.13,0.2579,0.11125,81.85
CAT,0.011928185342879614,0.1701537389994984,1.38,201619341312,20.932129,1.41,0.15712,0.55646,213.547
CBOE,0.010273518037286643,0.09059753042886227,0.424,25664632832,32.122543,1.05,0.18604,0.19018,36.019
CBRE,0.013572817175576537,0.09342658811320559,1.304,43490537472,44.614677,2.294692874692875,0.02735,0.11921,100.422
CDW,0.013711772410536996,0.07022531500253451,0.927,23942967296,22.530361,1.38,0.05095,0.48707,272.795
COR,0.011184703067617307,0.05242970364152893,0.568,56368578560,33.699306,0.75,0.00546,1.4178,827.73
CNC,0.07644775548153451,0.5166566916656712,0.442,13624370176,4.0383477,2.294692874692875,0.02253,0.12527001,65.384
CNP,0.009456639671803272,0.05826263363437721,0.562,24614371328,25.479729,2.37,0.10802,0.092209995,202.529
CF,0.0216652690071208,0.11504684357262616,0.941,15207878656,12.416667,2.13,0.21798,0.20794001,45.169
CRL,0.027297348836323513,0.19715500901195054,1.498,8873733120,42.355587151991614,2.294692874692875,-0.00489,-0.00671,92.213
SCHW,0.010131826051796458,0.09236363002232142,0.926,174365523968,25.79704,1.14,0.33676997,0.3116597039292111,110.198
CHTR,0.018556508664130254,0.10664245127764538,1.078,53295849472,10.886966,2.294692874692875,0.094189994,0.33116,465.632
CVX,0.013027521698807092,0.07803744322779346,0.803,314561003520,17.701374,4.47,0.08026,0.10079,19.777
CMG,0.030799438302907694,0.21600106947759543,1.079,61526790144,40.41124,2.294692874692875,0.13593,0.45574,132.72
CB,0.012150049470639645,0.06754800235317787,0.537,108037128192,11.969965,1.39,0.15025,0.12855,29.874
CHD,0.00942243977855798,0.04359232857054322,0.501,24015699968,41.851933,1.22,0.09516,0.13354999,52.837
CI,0.01604737693107232,0.1183947639617526,0.454,79138439168,16.52203,1.98,0.019709999,0.13206,75.34
CINF,0.01262572490187705,0.048211912445674666,0.768,23084537856,16.088236,2.31,0.13193,0.10974,6.4
CTAS,0.013010675355019777,0.049351309285882404,1.042,90207969280,50.879543,0.71,0.17527,0.40269002,56.665
CSCO,0.009520613863362365,0.08163627795102868,0.899,270052196352,27.834694,2.39,0.17604,0.21356001,66.932
C,0.014828571830947766,0.20833550193592273,1.329,177564008448,14.247416,2.5,0.19334,0.06759,145.8182209821429
CFG,0.014353723282879708,0.19145948341138244,1.089,21515110400,15.157012,3.37,0.22087,0.064840004,145.8182209821429
CLX,0.014752433372688847,0.10210751949637518,0.504,16152921088,23.528723,3.71,0.09887,3.18652,1549.474
CME,0.007989584753194732,0.05322944143378944,0.455,99848265728,26.796904,1.82,0.57806,0.13387,14.045
CMS,0.008762575169556315,0.0680891819999382,0.37,21851009024,21.612427,2.98,0.131,0.11234,190.138
KO,0.008412655539231671,0.0402899701907955,0.999854430379747,299017633792,24.634752,2.95,0.25887,0.42369998,163.826
CTSH,0.015773480623789703,0.08236608448805097,0.952,37695275008,16.098948,1.61,0.11732,0.16605,7.913
COIN,0.04700922453396792,0.4257706328250003,3.712,101215944704,74.55629,2.294692874692875,0.22028999,0.15841,43.892
CL,0.01124009102736076,0.06611461777162794,0.371,71815364608,25.1034,2.34,0.14518,4.51259,1128.104
CMCSA,0.01162276841495779,0.05697779581517158,0.947,133081391104,8.779138,3.69,0.12714,0.18049,113.542
CAG,0.017414390301372415,0.16182390270117902,0.107,9260818432,8.081958,7.13,0.09924,0.13214,93.036
COP,0.017483399466345095,0.082095700903811,0.623,120585396224,12.106463,3.28,0.16149999,0.1666,36.457
ED,0.009703402551722903,0.056848750334373116,0.242,36784418816,18.871534,3.32,0.11988,0.08331,110.23
STZ,0.018467563432829542,0.09137371044642596,0.664,30876450816,42.355587151991614,2.32,-0.043959998,-0.0442,153.569
CEG,0.02080707417191589,0.10368412775087904,1.141,101528297472,34.170887,0.48,0.123330005,0.23974001,62.682
COO,0.014053398708550855,0.10352014508383481,0.987,14582404096,35.309177,2.294692874692875,0.10386,0.05148,34.502
CPRT,0.011189765376828278,0.09128714079904084,1.071,44570914816,30.526491,2.294692874692875,0.32209,0.18441999,1.148
GLW,0.01323716401560783,0.11254251179491576,1.097,47868162048,107.480774,2.01,0.03339,0.048660003,73.266
CPAY,0.023423538924338176,0.10178538953787118,0.957,23371382784,23.265966,2.294692874692875,0.25147,0.30040002,235.922
CTVA,0.010323980530413624,0.06548240238466056,0.755,50159960064,44.29518,0.92,0.067719996,0.04659,16.647
CSGP,0.01658252251271426,0.14578638334516716,0.89,39298777088,358.26926,2.294692874692875,0.04168,0.01474,13.085
COST,0.008359574824344745,0.06544678989390791,0.961,416309575680,53.337498,0.55,0.02918,0.3208,30.813
CTRA,0.015962962450330204,0.14386352464033536,0.331,18051198976,13.830468,3.76,0.22148001,0.09404001,31.773
CRWD,0.019583469101421804,0.10227580056260147,1.157,115131392000,42.355587151991614,2.294692874692875,-0.04166,-0.05738,22.498
CCI,0.012168406393438441,0.1273153579900117,0.898,49087115264,42.355587151991614,3.87,-0.71804,-1.63212,145.8182209821429
CSX,0.012209704065379077,0.08998007976539665,1.23,66059214848,21.57362,1.49,0.22658001,0.26121,162.012
CMI,0.012461942035985024,0.13660091136864852,1.019,50140069888,17.921223,2.21,0.08198,0.26187,67.789
CVS,0.013964070530186935,0.12462190742218675,0.576,76219613184,14.379881,4.3,0.01401,0.06934,105.321
DHR,0.016936056132142795,0.08486199040814571,0.999854430379747,145627070464,43.179405,0.65,0.14213,0.06676,33.157
DRI,0.011574370920689855,0.08407642037686161,0.737,24034103296,23.126125,2.88,0.08691,0.46159,338.057
DDOG,0.03307085783000914,0.2353850988059493,1.026,50468159488,304.4479,2.294692874692875,0.058480002,0.06476,64.364
DVA,0.01895094664464242,0.10263027548506047,1.106,10952619008,14.376984,2.294692874692875,0.06628,0.54794,742.203
DAY,0.0225036205967723,0.10568837075258786,1.087,9478544384,370.53125,2.294692874692875,0.0143099995,0.01031,47.498
DECK,0.021659993974072048,0.11814226177922371,0.991,15622039552,16.515009,2.294692874692875,0.19378,0.41818002,11.022
DE,0.012489311130240368,0.05175243476654419,1.085,139294457856,24.834864,1.26,0.12454,0.23912,275.281
DELL,0.021229440723916086,0.1651935633375477,1.098,87043604480,20.202513,1.65,0.04716,0.3116597039292111,145.8182209821429
DAL,0.03006983185605526,0.1905007671407981,1.491,36003549184,8.014535,1.34,0.07243,0.30074,128.326
DVN,0.02192718450348976,0.09569924670866926,1.06,21401192448,7.5922556,2.89,0.17493999,0.20963,60.969
DXCM,0.022997065548842215,0.08827227799328714,1.448,34056456192,65.30451,2.294692874692875,0.12903,0.23716,113.968
FANG,0.02085851213212267,0.11903687305842232,1.024,42427174912,9.030784,3.65,0.32354,0.14668,33.594
DLR,0.010959100822918363,0.06664819268308518,0.968,61936947200,170.28304,2.72,0.07808,0.01849,79.552
DG,0.013678594962168819,0.07008908278607986,0.315,23879905280,20.708017,2.16,0.02805,0.15695,220.908
DLTR,0.01471625911342904,0.1826660340664233,0.862,24055345152,22.734713,2.294692874692875,-0.16548,0.19404,202.505
D,0.011757290656873356,0.08802575826490795,0.551,50280554496,22.764479,4.58,0.15628,0.07719,145.196
DPZ,0.013492983149937169,0.07442083573253894,1.093,16263560192,27.836143,1.46,0.12489,0.3116597039292111,145.8182209821429
DASH,0.018323831831447687,0.12268618964321973,1.703,102745210880,306.92404,2.294692874692875,0.03016,0.04336,6.278
DOV,0.01115535775898463,0.08391822695583072,1.259,25529450496,24.761303,1.08,0.29705998,0.16876,41.649
DOW,0.04036466544587558,0.17275101341883162,0.857,17940156416,63.449997,9.22,0.0068699997,0.020599999,103.62
DHI,0.03798080775466399,0.21876222691240838,0.999854430379747,43384393728,11.656627,1.08,0.114630006,0.16098,29.475
DTE,0.008796988319393458,0.06657118123799895,0.438,28815671296,18.739542,3.16,0.11247,0.13295999,196.504
DUK,0.0075920916999169105,0.05094012552701307,0.353,93057097728,19.887873,3.56,0.15617,0.09478,168.902
DD,0.015170553875068205,0.14650503580374252,1.024,31324649472,2495.0,2.14,-0.00599,0.00199,32.577
EMN,0.017908381197424706,0.08962724101778147,1.235,8910625792,9.831211,4.16,0.09847999,0.16032,86.003
ETN,0.016282596602944788,0.15836278937776233,1.156,150478323712,38.76613,1.09,0.15554,0.20812,58.004
EBAY,0.0119160860946179,0.10949961073858056,1.249,38130233344,19.889423,1.42,0.19783,0.36479,145.01
ECL,0.009760110763185321,0.05060379912621456,1.035,76546375680,36.68376,0.97,0.13407,0.24774,103.915
EIX,0.016610428155095495,0.0,0.754,19799955456,7.2786417,6.33,0.15757,0.15001,210.459
EW,0.010314444816969075,0.07017774358535443,1.109,44511207424,31.35537,2.294692874692875,0.75706,0.16511999,6.863
EA,0.012269612763089138,0.07526615217379465,0.733,38562713600,36.19576,0.49,0.15021,0.16131,34.732
ELV,0.03775644030659561,0.3014705746274135,0.612,63495696384,11.95844,2.31,0.02832,0.124180004,68.838
EMR,0.010838924075466494,0.14528869320443702,1.283,82605932544,42.321323,1.44,0.13603,0.08335,77.857
ENPH,0.06640407204206678,0.247550595609369,1.666,4674361344,27.713257,2.294692874692875,0.10434,0.17132,152.289
ETR,0.010368481864830234,0.08925155251955928,0.573,39656865792,28.754045,2.72,0.112390004,0.08853,199.493
EOG,0.01574227750660954,0.06276769928968726,0.776,64861327360,11.013902,3.43,0.25882998,0.20899999,17.15
EPAM,0.018530375453689126,0.11063225710215023,1.701,9627276288,23.767132,2.294692874692875,0.08465,0.11568,4.341
EQT,0.028231335409657318,0.14030442976365223,0.654,32126267392,28.236843,1.16,0.05998,0.022969998,34.392
EFX,0.02094490031464521,0.12187843955024172,0.999854430379747,30478936064,48.41487,0.81,0.10953,0.12759,93.548
EQIX,0.027328221725982774,0.1775730509686983,0.915,77349642240,82.80026,2.36,0.105170004,0.07059,141.235
EQR,0.010665898771504619,0.05507538745895263,0.897,26551023616,25.877865,4.05,0.33110002,0.08901,70.333
ERIE,0.015142901475953503,0.07193134501192906,0.34,19045027840,30.971088,1.49,0.15732999,0.3238,0.615
ESS,0.010125011120088918,0.045178701195263175,0.791,19942905856,27.638279,3.51,0.36101002,0.12810999,118.416
EL,0.030903333671483433,0.2691639666258302,1.167,32017928192,42.355587151991614,1.56,-0.058909997,-0.15976,215.926
EG,0.01253541392757013,0.034667385903704016,0.504,14140979200,16.77384,2.38,0.048839998,0.06122,25.368
EVRG,0.00861297882827924,0.049016848481725495,0.476,16092565504,18.405264,3.84,0.14867,0.09047,144.484
ES,0.009650504250830527,0.06320370884095743,0.636,24374523904,29.099123,4.54,0.06626,0.05617,189.941
EXC,0.009910760587042497,0.04859392149241596,0.467,44223201280,16.284498,3.68,0.114350006,0.10099,174.861
EXE,0.022697204554073175,0.19448300064033863,0.464,23824078848,42.355587151991614,2.33,-0.15057999,-0.07096,30.912
EXPE,0.017707055599879902,0.15713614945943602,1.577,24422486016,22.926014,0.83,0.08477,0.52188,278.63
EXPD,0.012883330588982106,0.06356395665454664,1.057,15794212864,19.126036,1.33,0.07637,0.37695,25.721
EXR,0.011201885566899331,0.048665634509295404,1.108,33372116992,35.027905,4.29,0.2713,0.063930005,89.649
XOM,0.014684743701623811,0.06636059639485167,0.469,476193718272,14.65451,3.6,0.09726,0.14302,13.918
FFIV,0.012445384861628082,0.054942511563326274,1.002,17409527808,28.815113,2.294692874692875,0.21136,0.19892,8.051
FDS,0.010669513977453644,0.07559400166582743,0.834,15910802432,30.363998,1.06,0.23302001,0.26346,75.191
FICO,0.025929309596563987,0.21768265622239744,1.285,37581639680,66.31959,2.294692874692875,0.31357,0.3116597039292111,145.8182209821429
FAST,0.012260379988143388,0.14099876714682816,0.958,54696525824,46.271847,1.86,0.15295,0.32564998,14.319
FRT,0.009760362472889968,0.03555993709959879,1.107,8301965312,27.462643,4.6,0.24701001,0.094469994,133.513
FDX,0.016399791663418803,0.08357164846982927,1.356,55965859840,14.104935,2.44,0.04654,0.14705,145.8182209821429
FIS,0.011409833743930365,0.044930139851853554,1.073,42767155200,51.847134,1.96,0.08056,0.05246,80.216
FITB,0.012276704302926716,0.14548320351094177,0.925,28634742784,13.359813,3.46,0.29201,0.11569,145.8182209821429
FSLR,0.048561785449767664,0.22353132401889936,1.515,19139835904,15.163126,2.294692874692875,0.29716998,0.16766001,7.7
FE,0.007543452535632571,0.0447330574421089,0.365,23998146560,22.117022,4.32,0.07883,0.09274,178.805
FI,0.028975698349632265,0.20170893219334984,0.915,77698375680,23.434782,2.294692874692875,0.15684,0.116780005,107.142
F,0.017371052972868714,0.12510493620551322,1.501,45034426368,9.059999,6.59,0.02744,0.11497,353.298
FTNT,0.021107864423297408,0.07979566972156643,1.063,79940050944,42.979424,2.294692874692875,0.30597,2.05906,54.842
FTV,0.013017166821140702,0.07072932042393278,1.069,17391761408,22.442982,0.63,0.129,0.07695,39.337
FOXA,0.014477842732004701,0.054587114612473384,0.522,24311394304,13.975247,0.96,0.1158,0.16621,68.321
FOX,0.01414295714957836,0.05826168721988207,0.522,24282892288,12.831683,1.04,0.1158,0.16621,68.321
BEN,0.013364110564883938,0.13015697312717175,1.47,13053941760,36.0,5.17,0.046490002,0.02799,24.117
FCX,0.021722948901512173,0.14806185745028327,1.642,62286004224,33.704544,1.31,0.07111,0.14062001,32.19
GRMN,0.01303258897157491,0.1475000052616514,0.981,44579016704,30.50461,1.55,0.22761999,0.19036,2.181
IT,0.013302369650861439,0.14625593164723572,1.191,27403393024,22.197086,2.294692874692875,0.19816,1.13185,192.54
GE,0.015139237972067626,0.12587502688511393,1.379,285581770752,38.47214,0.55,0.18642001,0.39567003,103.37
GEHC,0.013981872437382156,0.07909385903367719,1.289,35316666368,16.20378,0.18,0.11026,0.26444,97.515
GEV,0.031071137806576853,0.23971543644166307,0.999854430379747,169612738560,149.74457,0.18,0.05422,0.19641,10.474
GEN,0.014600029081962703,0.06486309489320465,1.006,18938724352,29.645632,1.63,0.16341,0.29167998,366.461
GNRC,0.017598305940225767,0.19005942367002826,1.725,9018806272,26.640488,2.294692874692875,0.07679,0.13798,57.434
GD,0.01414749256397974,0.13415062746196857,0.472,85124292608,21.238619,2.02,0.080819994,0.18228,51.775
GIS,0.016823439154777263,0.09073808014345926,0.004,27650267136,12.432927,4.76,0.11778,0.24590999,166.066
GM,0.026446791186565777,0.09926951297340043,1.323,50436329472,8.087786,1.23,0.030840002,0.08557,201.974
GPC,0.018109339847388033,0.11738929899750611,0.999854430379747,18583386112,23.035343,3.06,0.03403,0.17443001,136.085
GILD,0.01693333599327015,0.07517025093007808,0.307,140517441536,23.731617,2.78,0.20759001,0.32654998,130.789
GPN,0.021584815708976014,0.11282841273219038,0.945,20348127232,13.500809,1.19,0.15477,0.07102,73.574
GL,0.017876249014093428,0.11131265134976227,0.561,10922901504,10.776059,0.87,0.18334,0.20471,58.407
GDDY,0.010586744109915298,0.07694235809843651,1.055,23683643392,31.964424,2.294692874692875,0.16203,2.45696,1945.769
GS,0.013302379415888665,0.15219436182171997,1.344,221956489216,15.926024,2.23,0.28401,0.12762,532.258
HAL,0.028157989032249465,0.1263475738550624,0.999854430379747,19141554176,10.453051,3.1,0.08375,0.18229,81.17
HIG,0.012337197334384264,0.060425307461365825,0.685,34919100416,12.254238,1.69,0.11089,0.18495001,25.92
HAS,0.016808461121871586,0.1370493614600683,0.58,10665218048,42.355587151991614,3.61,0.09988,0.39041,280.61
HCA,0.0135397534244121,0.11513877299326337,1.48,82921046016,15.319111,0.82,0.08073,16.05769,145.8182209821429
DOC,0.01139833520003879,0.11204717489116098,1.006,13210329088,46.378048,6.4,0.09986,0.0332,103.846
HSIC,0.016610428155095495,0.0,0.868,9161616384,22.831776,2.294692874692875,0.03213,0.084680006,68.32
HSY,0.02097029516511286,0.11613818302402841,0.287,37074505728,22.480343,2.99,0.15323,0.37483,134.279
HPE,0.026269357958663704,0.17892154540642702,1.364,26946701312,19.745386,2.5,0.04597,0.06373,73.382
HLT,0.012544106501445211,0.12478015350895207,1.25,63288352768,41.334866,0.22,0.32990003,0.3116597039292111,145.8182209821429
HOLX,0.010731581529925448,0.053702322132103686,0.555,14777966592,27.863445,2.294692874692875,0.13826,0.11766,54.799
HD,0.011923762480463566,0.07790622252880804,1.004,370859409408,25.32269,2.44,0.08984,2.9951901,778.781
HON,0.014027465070486854,0.07741265009501198,1.063,145472569344,25.964407,1.89,0.14512,0.32676998,188.514
HRL,0.013640054511346172,0.07523029523348593,0.33,16155914240,21.60294,3.93,0.06269,0.09373,35.538
HST,0.01436539211862896,0.0947679359994926,1.332,11640018944,17.244793,4.82,0.1164,0.09996,83.171
HWM,0.017685181552326904,0.10635733729532625,1.43,75456757760,61.086605,0.21,0.1664,0.28295,72.684
HPQ,0.01704937124539126,0.08307691720815805,1.291,24035997696,9.842308,4.47,0.04636,0.3116597039292111,145.8182209821429
HUBB,0.01407880025507868,0.12624936719807486,0.981,23234693120,29.434076,1.21,0.14294,0.25917,61.442
HUM,0.018709890360541676,0.12736557896797834,0.445,27633870848,16.146685,1.49,0.01422,0.10099,77.075
HBAN,0.013559974839665472,0.12546259451341807,0.952,24707575808,12.578358,3.69,0.29156,0.10505,145.8182209821429
HII,0.015275852751898923,0.14840338915658358,0.3,10397184000,19.076313,2.03,0.04763,0.12271,71.36
IBM,0.016846941682121884,0.11174436046479727,0.68,243399884800,42.24034,2.38,0.087110005,0.21851,247.978
IEX,0.01269867043916068,0.06849313371039033,1.036,13859789824,29.075277,1.54,0.14595,0.12724,50.344
IDXX,0.009352194914728409,0.059231136241811734,1.54,43679547392,50.24329,2.294692874692875,0.22761999,0.59330004,73.159
ITW,0.01085386103596149,0.09145651534782435,1.107,76770951168,23.015831,2.28,0.21371001,1.07584,254.874
INCY,0.021880734630361807,0.05560234508001544,0.683,13711531008,354.175,2.294692874692875,0.00482,0.0046900003,1.176
IR,0.014357778163614058,0.09694447965461862,1.428,35004452864,42.950497,0.09,0.11301,0.081099994,46.107
PODD,0.01292125466759061,0.10573557194962628,1.347,20187039744,51.59173,2.294692874692875,0.18291001,0.37917998,131.405
INTC,0.02535305715103032,0.1544920383007141,1.145,99366363136,42.355587151991614,2.294692874692875,-0.36189,-0.18127,47.129
ICE,0.006631718520522369,0.03513255693456943,1.119,105145647104,37.950314,1.06,0.29423,0.10421,73.534
IFF,0.012665069806601911,0.05646354086736467,1.054,19491196928,42.355587151991614,2.07,-0.073070005,-0.060349997,75.009
IP,0.016795806700986245,0.16215719941807386,0.974,28876240896,46.75214,3.42,0.0199,0.03006,57.086
IPG,0.023583610668950015,0.13338360186175618,0.999854430379747,9786885120,22.432203,4.97,0.04996,0.3116597039292111,113.87
INTU,0.010735190136372955,0.05163663389976838,1.277,217807405056,63.688416,0.54,0.19072,0.17839001,145.8182209821429
ISRG,0.01255755046154552,0.10173193584823256,1.647,175295070208,68.11699,2.294692874692875,0.28412,0.15958,145.8182209821429
IVZ,0.03160637296689175,0.32323465348884783,0.999854430379747,9568929792,23.069893,3.92,0.09759,0.03848,12.594
INVH,0.008293597613435549,0.05517897044143719,0.799,19789058048,41.391026,3.57,0.18225999,0.048070002,83.399
IQV,0.0367988016608832,0.24252848872286698,0.999854430379747,34584801280,29.484058,2.294692874692875,0.07879,0.19792,271.345
IRM,0.011582773451978652,0.07591446901443735,1.102,29244762112,241.7561,3.16,0.01948,0.3116597039292111,145.8182209821429
JBHT,0.017462594329119088,0.10118976325297722,1.29,14678816768,26.905455,1.17,0.04591,0.14328,56.646
JBL,0.023058518358933293,0.23264236953318826,1.202,23450810368,41.621906,0.14,0.02024,0.32388002,265.268
JKHY,0.010330235931641243,0.038826910910088865,0.722,13240860672,30.977854,1.29,0.18502001,0.22494,10.972
J,0.011751059966423043,0.11169913699338979,0.761,16982848512,46.646862,0.9,0.03935,0.06804,66.356
JNJ,0.01417287408762577,0.11419285701008235,0.4,406746136576,18.11897,3.08,0.25004998,0.3116597039292111,66.896
JCI,0.00921300987091828,0.07501811323768492,1.33,72543100928,33.305138,1.34,0.10775,0.13137001,65.788
JPM,0.011396676632027173,0.11712420723628111,1.094,830003019776,15.315898,1.89,0.34546003,0.16211,145.8182209821429
K,0.005977724191744677,0.046072811029406406,0.289,27704815616,20.11461,2.85,0.10925,0.38149,155.528
KVUE,0.011618359380789686,0.08689895486213622,0.783,43169177600,40.151787,3.64,0.06901,0.10216,88.043
KDP,0.009640327493249006,0.04110333648702577,0.484,45737046016,30.613634,2.75,0.096920006,0.06126,76.418
KEY,0.014152316667211826,0.16755317799804273,0.999854430379747,20802816000,42.355587151991614,4.36,0.03711,0.0101499995,145.8182209821429
KEYS,0.011998752348722875,0.0583368220209779,1.096,28599351296,38.91569,2.294692874692875,0.14526,0.14297,50.484
KMB,0.010205866202847653,0.053626113510393335,0.364,42286632960,17.362398,3.95,0.12482,2.0706,595.098
KIM,0.010502070103680376,0.06057866644431512,1.26,14947178496,29.072369,4.52,0.26793,0.05208,75.54
KMI,0.012761187080898358,0.08809524442835236,0.751,60237066240,22.213114,4.36,0.17058,0.08875,102.275
KKR,0.019763404447836953,0.20313323448064524,1.882,140557893632,65.766235,0.5,0.10873,0.07145,74.627
KLAC,0.016448515852087748,0.09358472194560623,1.416,120455684096,33.183243,0.85,0.31993,1.04097,152.049
KHC,0.01613990116756567,0.11506564831563126,0.219,34080032768,13.148401,5.53,0.10439,0.0535,43.55
KR,0.021232074738707307,0.12675671964078336,0.579,48218103808,19.871935,1.92,0.01758,0.24239,229.201
LHX,0.012289672922547882,0.11094690405470306,0.749,51864428544,32.870853,1.78,0.07554,0.085209996,64.046
LH,0.017986226452025984,0.09448584644950597,0.799,22465079296,30.957323,1.15,0.05546,0.08981,79.126
LRCX,0.017028882322142596,0.12229415763391278,1.69,125265117184,27.278748,0.95,0.27185,0.53138,47.148
LW,0.03431910992691308,0.16160555750136926,0.448,7978337280,22.92,3.01,0.05746,0.2164,261.312
LVS,0.023869451498919836,0.20422254166924467,1.026,35811905536,28.312849,2.05,0.11642,0.44687,456.677
LDOS,0.009650691709250163,0.11564967985843523,0.654,21017237504,16.459677,0.98,0.07873,0.30945998,133.333
LEN,0.02784998567203238,0.1313455669696454,1.347,29431803904,9.459404,1.71,0.09205,0.13258,19.683
LII,0.019235837512303476,0.20111022282292812,1.132,23576483840,28.697306,0.84,0.1496,1.3148301,174.757
LLY,0.016365117565887544,0.07061607399186884,0.398,721505943552,65.34106,0.75,0.22665001,0.77278,243.609
LIN,0.007709261397573834,0.044659193739128786,0.965,221077880832,34.107117,1.28,0.20023,0.17013,60.555
LYV,0.014925702299430259,0.10523248408681798,1.456,35790233600,52.34576,2.294692874692875,0.04283,0.68505996,393.218
LKQ,0.040383938822312795,0.22460642409338705,0.941,7882549248,11.351301,3.11,0.04966,0.113900006,94.458
LMT,0.025359065491020745,0.15563782520871713,0.999854430379747,98418335744,23.656284,3.15,0.058520004,0.73056,405.662
L,0.00941538914144957,0.04459360075549091,0.701,19222923264,15.027869,0.27,0.07466,0.07998,49.606
LOW,0.01484846954401864,0.08265323115420081,0.905,126908391424,18.729942,2.1,0.08221,0.3116597039292111,145.8182209821429
LULU,0.01996338764015257,0.1275170379126596,1.176,26380402688,14.97347,2.294692874692875,0.16816999,0.42488998,39.789
LYB,0.028035556522265182,0.1469800786774203,0.839,19562010624,21.060553,8.15,0.026819998,0.07437,103.883
MTB,0.013916992643651004,0.1275177842847711,0.617,31454715904,12.699935,2.76,0.30346,0.094890006,145.8182209821429
MPC,0.014002649365651081,0.09656529888716993,0.86,52730212352,23.641872,2.05,0.01764,0.15524,139.332
MKTX,0.011605765964867742,0.08431400649774642,0.844,8047864832,37.192375,1.43,0.26569,0.16254,5.259
MAR,0.011670288689336583,0.0985611415324319,1.411,74950270976,31.166857,0.98,0.37055,0.3116597039292111,145.8182209821429
MMC,0.00878263974777246,0.05025717384329424,0.796,102567518208,25.04562,1.72,0.15997,0.28408,135.265
MLM,0.01292331743657038,0.072010333020963,0.872,34717761536,33.078117,0.55,0.16059,0.1187,63.926
MAS,0.016618311746201833,0.102564088150199,1.187,14093034496,18.254097,1.83,0.10295,11.165561,145.8182209821429
MA,0.016991223492411927,0.09779262676339176,1.025,514419359744,39.67017,0.54,0.45213002,1.8770399,280.795
MTCH,0.018643231773602678,0.11878135480760467,1.362,8354815488,16.866337,2.24,0.15812,0.3116597039292111,145.8182209821429
MKC,0.015584315708624192,0.08255582888143946,0.685,19312119808,25.073172,2.49,0.115030006,0.14122,79.122
MCD,0.010122296762247506,0.058088189920884416,0.527,211492470784,26.105913,2.37,0.3175,0.3116597039292111,145.8182209821429
MCK,0.011208369411056811,0.04063482271683425,0.48,88512094208,27.573578,0.4,0.00918,0.3116597039292111,145.8182209821429
MDT,0.008476387709167144,0.06825343586014353,0.82,117542789120,25.412743,3.09,0.13901,0.09508,61.393
MRK,0.015964320454220658,0.06831704466918964,0.4,209871896576,12.148256,3.86,0.27274,0.39293,71.992
META,0.013511939589212981,0.07552609319196184,1.284,1801057468416,28.035892,0.29,0.39113998,0.39835,26.763
MET,0.0104138427843503,0.06018001570851854,0.832,52492144640,12.776961,2.89,0.061279997,0.15982,172.754
MTD,0.01805109368348415,0.0892632979812695,1.374,26139359232,31.365088,2.294692874692875,0.22172001,0.3116597039292111,145.8182209821429
MGM,0.025232348734004297,0.18305871736403243,1.768,10370237440,17.01116,2.294692874692875,0.03955,0.2582,880.101
MCHP,0.021902387705425453,0.12662767085823792,1.506,36892184576,42.355587151991614,2.59,-0.00011,-7e-05,81.675
MU,0.021255644681228276,0.14531464351442722,1.349,125101948928,20.141441,0.42,0.1841,0.13109,31.948
MSFT,0.00768733200613463,0.0764811902093772,1.033,3803676934144,39.518147,0.66,0.35789,0.3361,32.626
MAA,0.008744517794983593,0.05712404688591714,0.751,18330007552,31.725573,3.97,0.25742,0.09368,82.626
MRNA,0.03170987914331304,0.2673781090279486,1.847,13203372032,42.355587151991614,2.294692874692875,-1.05666,-0.29341,7.401
MHK,0.022686530946239965,0.1599657386885643,1.186,7249738752,15.156862,2.294692874692875,0.04543,0.062589996,35.465
MOH,0.053663723698257296,0.4654575678739355,0.554,8873894912,8.073225,2.294692874692875,0.029189998,0.26718,87.378
TAP,0.012228866616417155,0.09293394743511425,0.687,10414712832,10.35815,3.61,0.09137,0.07989,49.065
MDLZ,0.013190816981358617,0.06869377432779372,0.491,90889887744,26.094795,2.68,0.09875,0.13302,78.051
MPWR,0.02066687179243526,0.12142394599778185,1.202,34214807552,19.050787,0.87,0.76587,0.67946,0.543
MNST,0.011893600357497097,0.08187225195346476,0.589,58261196800,39.30263,2.294692874692875,0.20273,0.20004,3.998
MCO,0.01208553130404505,0.08747575740123607,1.378,92400836608,43.72282,0.75,0.29145,0.55498004,188.388
MS,0.010249588831860819,0.10163725515831021,1.3,230235947008,16.252548,2.81,0.22489999,0.3116597039292111,416.642
MOS,0.016826450305312744,0.08516268457418608,1.131,11761878016,31.962671,2.37,0.033239998,0.03285,40.476
MSI,0.008694037124999476,0.050730598143679195,0.955,70613811200,35.28357,1.03,0.18675,1.86885,393.309
MSCI,0.02142829311504314,0.10462588355654762,0.999854430379747,42165583872,36.14191,1.36,0.39464,0.3116597039292111,145.8182209821429
NDAQ,0.016732258928797115,0.10056753841876234,1.018,54633451520,43.058823,1.22,0.16351,0.11415,84.587
NTAP,0.013552400442455346,0.07271389391065632,1.415,21128593408,18.565142,1.96,0.18045999,1.08509,335.673
NFLX,0.01790004219057594,0.12976090670749987,1.596,495193161728,49.75932,2.294692874692875,0.24579,0.43548,67.866
NEM,0.023082220640317484,0.1359805394797977,0.348,68132290560,13.944192,1.63,0.25772,0.1666,25.408
NWSA,0.010735596615303258,0.09115014892428888,1.244,17475670016,35.945732,0.68,0.04743,0.067150004,32.188
NWS,0.0111431319625852,0.09965535163029558,1.244,17411766272,41.085365,0.59,0.04743,0.067150004,32.188
NEE,0.019434992205548497,0.1047201786266165,0.66,148164476928,25.069445,2.92,0.21809,0.07056,148.557
NKE,0.03348194547733937,0.224625429035398,1.254,111712714752,35.018517,2.08,0.069510005,0.23290001,83.41
NI,0.010273666607121638,0.07341411597495333,0.545,19689506816,22.610811,2.69,0.1467,0.09364,136.355
NDSN,0.012968859548287666,0.06102968691551819,0.888,12332503040,28.015406,1.42,0.16511999,0.15536,78.487
NSC,0.011633741006147941,0.11299812377917977,1.303,62858297344,19.0191,1.93,0.27403,0.24542,122.314
NTRS,0.023025214691699384,0.1840829774951922,1.272,24657582080,15.133802,2.58,0.25748,0.17681,145.8182209821429
NOC,0.022104959041581468,0.15448915236797983,0.999854430379747,81962967040,21.107485,1.63,0.09741,0.26501,109.657
NCLH,0.02585268504789098,0.2689144362765166,2.14,10634006528,13.522727,2.294692874692875,0.090550005,0.95873,1045.053
NRG,0.019574093894272195,0.10887066855859269,1.124,31289419776,25.44356,1.1,0.04658,0.44912997,395.715
NUE,0.016039954334858657,0.19558731605266702,1.717,32712417280,25.002645,1.52,0.04397,0.074039996,37.319
NVDA,0.016863843024910247,0.17936415479362355,2.131,4218808434688,55.623764,0.02,0.51694,1.15463,12.267
NVR,0.021474961910919056,0.11756087542102923,0.991,21493401600,16.359108,2.294692874692875,0.14774999,0.38251,26.986
NXPI,0.01829992973325027,0.10789427535312,0.999854430379747,56126582784,24.175192,1.8,0.17719999,0.22695999,115.519
ORLY,0.014455541816161438,0.11433760770711925,0.583,84783226880,36.463234,2.294692874692875,0.14096,0.3116597039292111,145.8182209821429
OXY,0.022531138529299187,0.09558670330418477,0.846,43921854464,18.068827,2.16,0.114250004,0.0949,74.026
ODFL,0.016354340455169935,0.08818371183073373,1.258,34791489536,30.888367,0.67,0.20044,0.26593,1.416
OMC,0.02375821259488826,0.11119666587218295,0.936,15030967296,11.1001425,3.6,0.08668,0.28959,129.382
ON,0.027709242359338016,0.18302642378763334,1.431,23234404352,38.611107,2.294692874692875,0.09507,0.07852,45.383
OKE,0.015116667865590058,0.054686589027518655,0.919,51425951744,16.080078,5.04,0.121470004,0.16409001,144.846
ORCL,0.033712504427785034,0.29243814286275127,1.394,679343620096,55.856815,0.83,0.21677999,0.82382005,519.586
OTIS,0.025302884508929473,0.12446820885563838,0.972,34976276480,23.444445,1.66,0.1083,0.3116597039292111,145.8182209821429
PCAR,0.017379472530436094,0.10275936432528038,0.999854430379747,52894871552,17.28302,1.31,0.098809995,0.16771,93.267
PKG,0.01695997237570777,0.10148845065038964,0.842,18649704448,21.70314,2.42,0.100880004,0.20211,62.289
PLTR,0.027681582495898572,0.15488593061341455,2.593,364358303744,671.2826,2.294692874692875,0.18320999,0.12357,4.432
PANW,0.019506097929889013,0.09060467043651423,0.971,132859904000,115.17341,2.294692874692875,0.13948,0.21162,11.147
PARA,0.013308664737266005,0.10742556757280224,1.213,9352554496,42.355587151991614,1.52,-0.19094999,-0.27754998,91.724
PH,0.011203891343460205,0.10549556649025713,1.333,93166772224,28.04346,0.99,0.17141001,0.27146998,69.948
PAYX,0.02056292313331831,0.10451828026404593,0.874,52647862272,31.90939,2.97,0.29745,0.41804,122.209
PAYC,0.018786266724172055,0.12549644845325997,0.778,13274763264,33.757164,0.63,0.20598,0.24987,4.746
PYPL,0.02096525123311449,0.12039335051714384,1.452,75814100992,17.518045,2.294692874692875,0.14255999,0.22198999,66.041
PNR,0.012448714742263264,0.10633350576715865,0.999854430379747,16807845888,28.01366,0.96,0.14864,0.17153999,38.075
PEP,0.018398133761357197,0.1233907822658258,0.461,198064816128,26.35155,3.91,0.08229,0.39859,276.868
PFE,0.012962530356370612,0.07370060028210706,0.496,143987097600,18.3521,6.78,0.1262,0.0862,68.843
PCG,0.016941884098627433,0.09497760762233813,0.552,30295019520,12.646789,0.73,0.09576,0.08257,193.839
PM,0.01924048474467399,0.12005335856294298,0.999854430379747,251424669696,23.93037,3.28,0.21076,0.3116597039292111,145.8182209821429
PSX,0.016610428155095495,0.0,0.998,50606120960,27.974325,3.75,0.01347,0.0656,66.317
PNW,0.009304787991690757,0.06289036531432379,0.419,11099330560,18.40792,3.85,0.11282,0.0919,177.219
PNC,0.01108371371085236,0.13311457330508805,1.075,78038769664,13.53896,3.44,0.29228002,0.11373,145.8182209821429
POOL,0.018965397478762632,0.11663516819051187,1.101,12129339392,30.208801,1.58,0.07773,0.31651,108.75
PPG,0.016584124191419063,0.10724780948850123,1.15,26251929600,20.43463,2.44,0.06945,0.1765,111.012
PPL,0.010178661390147706,0.09127955677799965,0.653,27068151808,27.324627,2.99,0.114870004,0.07018,121.312
PFG,0.012005355608278189,0.07107837660318966,0.988,18092214272,17.280514,3.76,0.0689,0.09733,39.589
PG,0.00955593031592734,0.06434611520546904,0.403,371562676224,25.155554,2.67,0.18464,0.30294,64.975
PGR,0.01335706042162766,0.0973326281608362,0.371,144114384896,13.849859,1.98,0.12663999,0.37293997,21.148
PLD,0.012449427870058585,0.052464363033148706,1.246,101788844032,27.287313,3.67,0.38685,0.06365,60.493
PRU,0.011714730779000192,0.06389806659059655,1.042,37108785152,16.53391,5.13,0.03803,0.07908,148.073
PEG,0.009257395145310019,0.06874104134133853,0.5,43300552704,23.709017,2.91,0.17011,0.11399999,143.849
PTC,0.03713287218607804,0.20910340785661974,1.173,24115546112,55.233517,2.294692874692875,0.18766001,0.13915,46.287
PSA,0.009199847041507118,0.04881072149927522,0.853,50669735936,28.653769,4.14,0.41589,0.20121,97.458
PHM,0.02902101535938146,0.18527686133114016,0.999854430379747,22979297280,8.717814,0.74,0.15499,0.23048,16.87
PWR,0.012264575183421198,0.12756863170738098,1.078,60419997696,65.75726,0.1,0.03742,0.13731,63.537
QCOM,0.013029262167332108,0.06776737003238638,1.266,173397262336,16.114388,2.23,0.2611,0.42205003,52.737
DGX,0.01773370749603539,0.08180408033718956,0.999854430379747,19182241792,20.578442,1.88,0.09029,0.1426,86.904
RL,0.01401690437927145,0.12249810752715264,1.503,17902047232,25.478018,1.24,0.104940005,0.29487,103.075
RJF,0.012433371482749617,0.12891070938446114,1.038,33727383552,16.10501,1.24,0.16135,0.18866,36.485
RTX,0.014420669187736752,0.09911182325508017,0.999854430379747,208678387712,34.263733,1.74,0.073520005,0.10318,67.855
O,0.011458403447053832,0.03986371588031157,0.762,52426772480,52.775726,5.58,0.18100001,0.02507,69.956
REG,0.00998241653916369,0.050504968396654214,1.006,13110505472,34.0237,3.95,0.26279,0.05821,71.062
REGN,0.014938563130217387,0.11099080639255247,0.324,61479051264,14.48207,0.61,0.31941998,0.15961,9.204
RF,0.016049580340003228,0.19042207985660894,0.99,23884032000,12.415607,4.02,0.30495,0.11568,145.8182209821429
RSG,0.010060538765116969,0.05398140034966351,0.619,76546138112,36.89006,0.95,0.12880999,0.18545,115.988
RMD,0.009070713324800967,0.08790283940633559,0.774,39759380480,30.433222,0.78,0.26152,0.25811002,15.142
RVTY,0.021760209985832623,0.1134131721257688,0.98,12042188800,42.21694,0.28,0.10347,0.03824,43.542
ROK,0.011302775932624257,0.11373524113004212,1.37,40424468480,45.111954,1.46,0.11389,0.24438,113.537
ROL,0.012935982670968366,0.04938699046602347,0.751,28065851392,57.336636,1.2,0.13781,0.37827,67.198
ROP,0.009835471093853396,0.04784428741070846,1.02,60217004032,39.2763,0.59,0.20616,0.081520006,45.121
ROST,0.012192868697446495,0.07691182884882296,1.116,44121878528,21.344934,1.18,0.097950004,0.39566,89.95
RCL,0.017192896888657078,0.2685636853790233,2.177,95613558784,28.671824,0.85,0.19378,0.48519,247.101
SPGI,0.009440288420913493,0.05815680508537189,1.187,163158425600,41.824684,0.73,0.2726,0.11241,31.875
CRM,0.013451340351083542,0.058724676348056754,1.366,254525423616,41.6651,0.62,0.16079001,0.10312,19.813
SBAC,0.011320516264881848,0.060998561651180075,0.775,25208745984,31.034391,1.87,0.30369,0.3116597039292111,145.8182209821429
SLB,0.0223278851507677,0.1106942084186511,1.017,52297953280,12.006849,3.24,0.11534,0.19224001,63.561
STX,0.01736888251751701,0.1790777182415953,1.47,32303671296,21.902159,1.89,0.17493999,0.3116597039292111,145.8182209821429
SRE,0.011193675291190806,0.08830041954536114,0.637,52323598336,17.632967,3.25,0.22222,0.09709,99.694
NOW,0.01707300701902051,0.10137927811079563,0.946,204407242752,134.06929,2.294692874692875,0.1341,0.16858,23.661
SHW,0.015953217419147542,0.0730826470659613,0.999854430379747,85256962048,33.75099,0.92,0.11026,0.62431,290.172
SPG,0.009374773981035337,0.0590141014304039,1.461,62678622208,26.464172,5.07,0.34248,0.67307,773.472
SWKS,0.014008506937376972,0.09535299558829982,1.167,10857328640,28.25,3.83,0.104270004,0.06701,20.363
SJM,0.016149911215624684,0.1357234025509838,0.292,11649358848,42.355587151991614,4.03,-0.14105,-0.17868,128.427
SW,0.0205194210403968,0.12841277391727624,1.002,25142755328,58.73781,3.6,0.01982,0.04226,79.485
SNA,0.018316410606214667,0.09476015513554485,0.744,17162149888,17.547068,2.59,0.1972,0.18558,23.371
SOLV,0.014073175875167291,0.07847138423069268,0.999854430379747,12841041920,34.20281,2.294692874692875,0.045619998,0.10657,242.581
SO,0.007447562160774511,0.07751695799120785,0.365,104925118464,22.870504,3.11,0.16537,0.12244,188.378
LUV,0.03120305811059788,0.17347482183492197,1.204,18691604480,36.85393,1.92,0.01983,0.05593,85.371
SWK,0.01970885355864953,0.13429609178093083,1.172,11204314112,30.686441,4.43,0.02396,0.04032,81.597
SBUX,0.01457892034672299,0.06024348896437307,1.004,106315898880,34.02,2.54,0.08609,0.3116597039292111,145.8182209821429
STT,0.018246510156629852,0.14353612622804504,1.474,31825883136,12.522472,3.04,0.21392,0.109469995,145.8182209821429
STLD,0.01752968415321588,0.08698959643128491,0.999854430379747,18942730240,18.519594,1.53,0.060700003,0.11686,42.752
STE,0.008914068236772942,0.0824610956220368,0.924,22373500928,36.92208,1.01,0.11258,0.09458999,33.292
SYK,0.00911136540582159,0.07100160956954785,0.922,151646896128,53.478436,0.84,0.12314,0.14259,82.924
SMCI,0.038547136308366356,0.23167984870804909,1.425,31112122368,28.331522,2.294692874692875,0.05336,0.20062,41.506
SYF,0.014263103604510762,0.17044432826691913,0.999854430379747,26827008000,8.764885,1.66,0.35786998,0.20233,145.8182209821429
SNPS,0.019222405275730853,0.23507226920439875,1.123,112771366912,70.37298,2.294692874692875,0.3477,0.15551,108.337
SYY,0.00978481854579007,0.0904433711606816,0.817,38881955840,20.726099,2.67,0.023629999,0.93613,751.105
TMUS,0.01760025597656503,0.10900106468545515,0.611,281619988480,23.398584,1.5,0.14413,0.19351,199.152
TROW,0.013107102924203827,0.14785520805025704,1.506,23677360128,12.198637,4.73,0.28375998,0.18447,4.48
TTWO,0.012315437354415608,0.06299114324772695,1.035,41650688000,42.355587151991614,2.294692874692875,-0.79503,-1.1476101,192.071
TPR,0.020992209237649558,0.2771823304421722,1.485,22514634752,28.527632,1.28,0.12497,0.40273,274.983
TRGP,0.017951332186648142,0.07569380024904872,1.077,36039995392,30.595764,2.43,0.07981,0.41976002,630.027
TGT,0.02002976244691865,0.11551711465006376,1.214,48058290176,11.623076,4.19,0.03953,0.29076,130.213
TEL,0.023271965506810103,0.19879788077470775,1.221,60046643200,41.67762,1.57,0.08673,0.1122,46.476
TDY,0.010498753843574531,0.13673132824508488,1.044,25848995840,30.392838,2.294692874692875,0.14373,0.086210005,29.853
TER,0.022436908895228907,0.1575745333881156,1.695,14542072832,25.679888,0.52,0.19860001,0.21551001,2.458
TSLA,0.035499964981926466,0.15699205972301017,2.398,968542715904,170.85228,2.294692874692875,0.063829996,0.087740004,17.407
TXN,0.027060968226161157,0.16225985941913842,1.016,168483160064,35.17078,2.53,0.30363,0.29189,78.313
TPL,0.01883374748835824,0.1681880117087544,1.092,21440714752,46.58941,0.69,0.63243,0.39523998,145.8182209821429
TXT,0.013186462751753844,0.12154567808048945,1.169,15016332288,18.733109,0.09,0.05983,0.11699,56.371
TMO,0.02677281359736509,0.19123802616401311,0.772,182155968512,27.876373,0.4,0.15185,0.13704,69.231
TJX,0.008235670441859872,0.03964863969635058,0.881,140004737024,29.528236,1.35,0.084750004,0.60356,153.616
TKO,0.016506886537468464,0.10370978529092964,0.999854430379747,13535752192,84.47959,0.91,0.06022,0.043169998,30.107
TTD,0.016610428155095495,0.11222582601526007,1.362,41226817536,102.30488,2.294692874692875,0.16037,0.16878,12.33
TSCO,0.01585692026648112,0.14491780517338734,0.748,31101708288,29.18408,1.54,0.07238,0.49624002,257.388
TT,0.016610428155095495,0.11222582601526007,1.156,103034314752,38.087387,0.82,0.13473,0.38632,63.469
TDG,0.009196589751438094,0.11803917843535912,1.039,90080231424,53.963326,2.294692874692875,0.22663,0.3116597039292111,145.8182209821429
TRV,0.014949756370906423,0.0635229067714313,0.519,58872541184,11.565679,1.66,0.10966,0.19294001,27.217
TRMB,0.010323647880895733,0.1504863053431857,1.674,19962908672,13.649494,2.294692874692875,0.42398998,0.30996,25.668
TFC,0.016610428155095495,0.11222582601526007,0.83,60022763520,12.421409,4.54,0.28729,0.08128,145.8182209821429
TYL,0.013157845040945002,0.06922616085857736,0.848,24073263104,84.32629,2.294692874692875,0.13234,0.08871,18.222
TSN,0.012415099946211072,0.08181028199344058,0.577,19268696064,21.046694,3.68,0.01705,0.051149998,48.934
USB,0.012243658117333887,0.11905810962610555,1.015,72487346176,11.1303835,4.32,0.26999,0.11667,145.8182209821429
UBER,0.019905629300346544,0.14402954895393633,1.395,190996185088,15.995552,2.294692874692875,0.27074,0.69382006,48.566
UDR,0.00916379680052953,0.04363370110183468,0.819,15313576960,112.83333,4.19,0.07222,0.02848,136.541
ULTA,0.01067187921438997,0.10062980568513463,1.077,22826072064,19.869328,2.294692874692875,0.104490004,0.50435,81.274
UNP,0.010912669296400664,0.06986847304921892,1.049,134085558272,20.19982,2.39,0.27765,0.42468,211.385
UAL,0.036511554018040654,0.20227396441604067,1.42,29359255552,9.096289,2.294692874692875,0.0571,0.27708,245.166
UPS,0.013556100971352228,0.062914528444651,1.186,86686711808,14.944526,6.34,0.06442,0.35908002,163.185
URI,0.02047693371229886,0.20304251516622146,1.695,56143536128,22.400414,0.89,0.16375,0.30173,159.21
UNH,0.020813014785934246,0.14089044625990788,0.457,254171545600,11.723432,3.02,0.05391,0.22700001,77.277
UHS,0.018405034394822738,0.16595212936584364,1.285,10154841088,8.85309,0.49,0.07442,0.18473,73.981
VLO,0.016610428155095495,0.11222582601526007,0.967,44099407872,47.891155,3.06,0.0076,0.03714,41.246
VTR,0.007982860323563287,0.08133284144509736,0.89,30330210304,203.6212,2.85,0.02815,0.01381,108.897
VLTO,0.009664707144015874,0.06867734610316265,0.999854430379747,25425580032,29.308573,0.43,0.16555999,0.46036,121.871
VRSN,0.016610428155095495,0.11222582601526007,0.778,27080759296,35.213676,1.06,0.50203,0.3116597039292111,145.8182209821429
VRSK,0.011268979782991814,0.05158547614033725,0.862,41597304832,43.85988,0.61,0.33129,4.68222,3178.837
VZ,0.016610428155095495,0.11222582601526007,0.372,181488484352,10.010465,6.33,0.1328,0.18454,162.792
VRTX,0.01343575275757224,0.0806206155204538,0.413,121851461632,42.355587151991614,2.294692874692875,-0.089090005,-0.05644,9.997
VTRS,0.017166351503573693,0.06510135156109974,0.889,10985644032,42.355587151991614,5.12,-0.26448,-0.21254,92.384
VICI,0.016610428155095495,0.11222582601526007,0.721,35373367296,13.389999,5.17,0.67811996,0.1012,65.738
V,0.016278114774423435,0.09305936208933784,0.922,695641374720,35.788944,0.66,0.52859,0.50655,54.594
VST,0.024618243982670596,0.16760505324259187,1.279,67113082880,31.39365,0.45,0.13401,0.41676,366.143
VMC,0.016610428155095495,0.11222582601526007,0.817,35605991424,37.96197,0.73,0.12497,0.120749995,67.823
WRB,0.016610428155095495,0.11222582601526007,0.999854430379747,25889230848,15.50909,0.53,0.12324,0.3116597039292111,34.344
GWW,0.011035653883871866,0.06108831341736137,1.18,50175500288,26.801897,0.87,0.1108,0.5416,69.639
WAB,0.01379722242707217,0.06717048618011263,1.119,34605101056,31.646324,0.47,0.10533,0.106800005,41.406
WBA,0.0031774625676492868,0.023737558707359295,0.748,10027524096,42.355587151991614,8.67,-0.04074,-0.69577,409.878
WMT,0.009457369021528864,0.051333654277302805,0.677,769591803904,41.21154,0.98,0.02747,0.21783,75.78
DIS,0.016610428155095495,0.11222582601526007,1.561,219280556032,24.84216,0.81,0.09475,0.08894,39.432
WBD,0.016610428155095495,0.11222582601526007,1.544,33511278592,42.355587151991614,2.294692874692875,-0.28162,-0.27281,106.412
WM,0.00969368361550959,0.05802232705450608,0.642,92419031040,34.5881,1.45,0.1167,0.34013999,275.54
WAT,0.030507315703428642,0.2111248125665681,1.101,17747398656,27.03808,2.294692874692875,0.22024,0.40822,78.582
WEC,0.016610428155095495,0.11222582601526007,0.424,34970865664,21.319164,3.27,0.17963,0.12579,153.016
WFC,0.016610428155095495,0.11222582601526007,1.157,274896846848,14.514605,1.91,0.26516,0.114980005,145.8182209821429
WELL,0.009553027148877439,0.07046958513616697,0.904,105639403520,91.78409,1.66,0.12654,0.0348,49.196
WST,0.016610428155095495,0.11222582601526007,1.088,20032651264,43.84119,0.37,0.16134001,0.17421,11.457
WDC,0.014418981824260591,0.19691289073819895,1.592,23915589632,23.476028,0.58,0.10548,0.13558,145.8182209821429
WY,0.017058135209429552,0.08442987287131253,1.152,18574315520,52.26551,3.24,0.051469997,0.03706,53.8
WSM,0.019073715170733904,0.16491706413743262,1.455,22215899136,20.880926,1.44,0.14086,0.50154996,63.334
WMB,0.016610428155095495,0.11222582601526007,0.676,71465713664,31.467741,3.47,0.20608,0.16197,184.4
WTW,0.016610428155095495,0.11222582601526007,0.687,30679336960,42.355587151991614,1.19,-0.0054,-0.00484,72.169
WDAY,0.01540485767377985,0.11135425455601058,1.21,63177920512,130.92818,2.294692874692875,0.055999998,0.05702,38.042
WYNN,0.016610428155095495,0.11222582601526007,1.364,11392203776,29.13369,0.93,0.061680004,0.3116597039292111,145.8182209821429
XEL,0.010536297411135348,0.10142343663195533,0.372,41999736832,21.417646,3.14,0.14097,0.102589995,163.558
XYL,0.008947999353349221,0.06216567863779987,1.115,31866814464,35.20161,1.21,0.10537,0.08505,19.323
YUM,0.012502128900785142,0.09182805994545497,0.733,40955359232,29.350597,1.92,0.18416001,0.3116597039292111,145.8182209821429
ZBRA,0.016610428155095495,0.11222582601526007,1.751,17031613440,31.68496,2.294692874692875,0.10735,0.16159001,65.113
ZBH,0.016610428155095495,0.11222582601526007,0.71,19220932608,21.58889,0.99,0.11865,0.07318,59.058
ZTS,0.014062046605541688,0.12413951462040701,0.911,68027785216,27.432674,1.3,0.27116,0.52085996,145.628
